{
  "Main":      {"Sens": 1.0, "Spec": 1.0,                "Acc": 1.0,                "AUC": 1.0,                "MCC": 1.0},
  "Alternate": {"Sens": 1.0, "Spec": 0.9677754677754677, "Acc": 0.9838877338877339, "AUC": 0.9838877338877339, "MCC": 0.968278338384211},
  "Realistic": {"Sens": 1.0, "Spec": 0.9756237006237006, "Acc": 0.9778397278397278, "AUC": 0.9878118503118504, "MCC": 0.8856708592210656}
}